pt1_cam1_X,pt1_cam1_Y,pt2_cam1_X,pt2_cam1_Y,pt3_cam1_X,pt3_cam1_Y
1543.357143,358.036842,1507.947767,722.469365,1375.805203,730.346827
1543.357143,355.763158,1507.960000,722.110000,1375.940000,729.950000
1543.020000,356.020000,NaN,NaN,NaN,NaN
1542.960000,355.800000,NaN,NaN,NaN,NaN
1543.200000,355.950000,NaN,NaN,NaN,NaN
1542.860000,356.060000,NaN,NaN,NaN,NaN
1542.980000,355.930000,NaN,NaN,NaN,NaN
1543.100000,356.000000,NaN,NaN,NaN,NaN
1543.010000,355.990000,NaN,NaN,NaN,NaN
1542.990000,355.990000,NaN,NaN,NaN,NaN
1542.870000,355.990000,NaN,NaN,NaN,NaN
1543.050000,355.990000,NaN,NaN,NaN,NaN
1543.080000,355.970000,NaN,NaN,NaN,NaN
1542.980000,356.100000,NaN,NaN,NaN,NaN
1543.020000,356.030000,NaN,NaN,NaN,NaN
1542.910000,355.940000,NaN,NaN,NaN,NaN
1542.990000,356.030000,NaN,NaN,NaN,NaN
1542.860000,356.020000,NaN,NaN,NaN,NaN
1543.170000,355.970000,NaN,NaN,NaN,NaN
1542.970000,356.080000,NaN,NaN,NaN,NaN
1543.030000,355.920000,NaN,NaN,NaN,NaN
1542.960000,355.920000,NaN,NaN,NaN,NaN
1542.980000,356.000000,NaN,NaN,NaN,NaN
1543.130000,355.980000,NaN,NaN,NaN,NaN
1542.820000,356.110000,NaN,NaN,NaN,NaN
1543.050000,355.990000,NaN,NaN,NaN,NaN
1542.990000,356.080000,NaN,NaN,NaN,NaN
1542.970000,355.970000,NaN,NaN,NaN,NaN
1542.850000,356.060000,NaN,NaN,NaN,NaN
1543.230000,355.900000,NaN,NaN,NaN,NaN
1542.960000,356.040000,NaN,NaN,NaN,NaN
1543.120000,355.970000,NaN,NaN,NaN,NaN
1542.880000,356.040000,NaN,NaN,NaN,NaN
1543.040000,356.010000,NaN,NaN,NaN,NaN
1542.960000,356.000000,NaN,NaN,NaN,NaN
1543.000000,355.940000,NaN,NaN,NaN,NaN
1543.050000,356.070000,NaN,NaN,NaN,NaN
1543.130000,355.960000,NaN,NaN,NaN,NaN
1542.870000,356.050000,NaN,NaN,NaN,NaN
1543.120000,355.940000,NaN,NaN,NaN,NaN
1542.820000,356.000000,NaN,NaN,NaN,NaN
1542.960000,355.930000,NaN,NaN,NaN,NaN
1543.050000,356.010000,NaN,NaN,NaN,NaN
1543.150000,355.970000,NaN,NaN,NaN,NaN
1540.863636,355.763158,NaN,NaN,NaN,NaN
1540.890000,355.960000,NaN,NaN,NaN,NaN
NaN,NaN,NaN,NaN,NaN,NaN
NaN,NaN,NaN,NaN,NaN,NaN
NaN,NaN,NaN,NaN,NaN,NaN
NaN,NaN,NaN,NaN,NaN,NaN
NaN,NaN,NaN,NaN,NaN,NaN
NaN,NaN,1507.947767,722.469365,1375.805203,730.346827
NaN,NaN,1507.830000,721.970000,1376.010000,729.980000
NaN,NaN,NaN,NaN,NaN,NaN
NaN,NaN,NaN,NaN,NaN,NaN
NaN,NaN,NaN,NaN,NaN,NaN
NaN,NaN,NaN,NaN,NaN,NaN
NaN,NaN,NaN,NaN,NaN,NaN
NaN,NaN,NaN,NaN,NaN,NaN
NaN,NaN,NaN,NaN,NaN,NaN
NaN,NaN,NaN,NaN,NaN,NaN
NaN,NaN,NaN,NaN,NaN,NaN
NaN,NaN,NaN,NaN,NaN,NaN
NaN,NaN,NaN,NaN,NaN,NaN
NaN,NaN,NaN,NaN,NaN,NaN
NaN,NaN,NaN,NaN,NaN,NaN
NaN,NaN,NaN,NaN,NaN,NaN
NaN,NaN,NaN,NaN,NaN,NaN
NaN,NaN,NaN,NaN,NaN,NaN
1544.129660,355.379650,NaN,NaN,NaN,NaN
1544.040000,354.970000,NaN,NaN,NaN,NaN
NaN,NaN,NaN,NaN,NaN,NaN
NaN,NaN,NaN,NaN,NaN,NaN
NaN,NaN,NaN,NaN,NaN,NaN
NaN,NaN,NaN,NaN,NaN,NaN
NaN,NaN,NaN,NaN,NaN,NaN
NaN,NaN,NaN,NaN,NaN,NaN
NaN,NaN,NaN,NaN,NaN,NaN
NaN,NaN,NaN,NaN,NaN,NaN
NaN,NaN,NaN,NaN,NaN,NaN
1544.129660,355.379650,NaN,NaN,NaN,NaN
1544.110000,354.890000,NaN,NaN,NaN,NaN
NaN,NaN,NaN,NaN,NaN,NaN
NaN,NaN,NaN,NaN,NaN,NaN
NaN,NaN,NaN,NaN,NaN,NaN
NaN,NaN,NaN,NaN,NaN,NaN
NaN,NaN,NaN,NaN,NaN,NaN
NaN,NaN,NaN,NaN,NaN,NaN
NaN,NaN,NaN,NaN,NaN,NaN
NaN,NaN,NaN,NaN,NaN,NaN
NaN,NaN,NaN,NaN,NaN,NaN
1544.129660,355.379650,NaN,NaN,NaN,NaN
1543.950000,355.160000,NaN,NaN,NaN,NaN
NaN,NaN,NaN,NaN,NaN,NaN
NaN,NaN,NaN,NaN,NaN,NaN
1543.357143,355.763158,NaN,NaN,NaN,NaN
1542.890000,356.030000,NaN,NaN,NaN,NaN
NaN,NaN,NaN,NaN,NaN,NaN
NaN,NaN,NaN,NaN,NaN,NaN
NaN,NaN,NaN,NaN,NaN,NaN
NaN,NaN,NaN,NaN,NaN,NaN
NaN,NaN,NaN,NaN,NaN,NaN
1544.129660,355.379650,1507.947767,722.469365,1375.805203,730.346827
1544.110000,355.000000,1507.920000,722.110000,1376.050000,730.000000
NaN,NaN,NaN,NaN,NaN,NaN
NaN,NaN,NaN,NaN,NaN,NaN
NaN,NaN,NaN,NaN,NaN,NaN
NaN,NaN,NaN,NaN,NaN,NaN
NaN,NaN,NaN,NaN,NaN,NaN
NaN,NaN,NaN,NaN,NaN,NaN
NaN,NaN,NaN,NaN,NaN,NaN
NaN,NaN,NaN,NaN,NaN,NaN
NaN,NaN,NaN,NaN,NaN,NaN
1544.129660,355.379650,NaN,NaN,NaN,NaN
1543.950000,355.000000,NaN,NaN,NaN,NaN
NaN,NaN,NaN,NaN,NaN,NaN
NaN,NaN,NaN,NaN,NaN,NaN
NaN,NaN,NaN,NaN,NaN,NaN
NaN,NaN,NaN,NaN,NaN,NaN
NaN,NaN,NaN,NaN,NaN,NaN
NaN,NaN,NaN,NaN,NaN,NaN
NaN,NaN,NaN,NaN,NaN,NaN
NaN,NaN,NaN,NaN,NaN,NaN
NaN,NaN,NaN,NaN,NaN,NaN
1544.129660,355.379650,NaN,NaN,NaN,NaN
1543.980000,354.980000,NaN,NaN,NaN,NaN
NaN,NaN,NaN,NaN,NaN,NaN
NaN,NaN,NaN,NaN,NaN,NaN
NaN,NaN,NaN,NaN,NaN,NaN
NaN,NaN,NaN,NaN,NaN,NaN
NaN,NaN,NaN,NaN,NaN,NaN
NaN,NaN,NaN,NaN,NaN,NaN
NaN,NaN,NaN,NaN,NaN,NaN
NaN,NaN,NaN,NaN,NaN,NaN
NaN,NaN,NaN,NaN,NaN,NaN
1544.129660,355.379650,NaN,NaN,NaN,NaN
1544.050000,354.940000,NaN,NaN,NaN,NaN
NaN,NaN,NaN,NaN,NaN,NaN
NaN,NaN,NaN,NaN,NaN,NaN
NaN,NaN,NaN,NaN,NaN,NaN
NaN,NaN,NaN,NaN,NaN,NaN
NaN,NaN,NaN,NaN,NaN,NaN
NaN,NaN,NaN,NaN,NaN,NaN
NaN,NaN,NaN,NaN,NaN,NaN
NaN,NaN,NaN,NaN,NaN,NaN
NaN,NaN,NaN,NaN,NaN,NaN
1544.129660,355.379650,NaN,NaN,NaN,NaN
1543.950000,354.930000,NaN,NaN,NaN,NaN
NaN,NaN,NaN,NaN,NaN,NaN
NaN,NaN,NaN,NaN,NaN,NaN
NaN,NaN,NaN,NaN,NaN,NaN
NaN,NaN,NaN,NaN,NaN,NaN
NaN,NaN,NaN,NaN,NaN,NaN
NaN,NaN,1507.947767,722.469365,1375.805203,730.346827
NaN,NaN,1508.050000,722.040000,1376.040000,730.120000
NaN,NaN,NaN,NaN,NaN,NaN
NaN,NaN,NaN,NaN,NaN,NaN
1544.129660,355.379650,NaN,NaN,NaN,NaN
1544.040000,354.880000,NaN,NaN,NaN,NaN
NaN,NaN,NaN,NaN,NaN,NaN
NaN,NaN,NaN,NaN,NaN,NaN
NaN,NaN,NaN,NaN,NaN,NaN
NaN,NaN,NaN,NaN,NaN,NaN
NaN,NaN,NaN,NaN,NaN,NaN
NaN,NaN,NaN,NaN,NaN,NaN
NaN,NaN,NaN,NaN,NaN,NaN
NaN,NaN,NaN,NaN,NaN,NaN
NaN,NaN,NaN,NaN,NaN,NaN
1544.129660,355.379650,NaN,NaN,NaN,NaN
1543.970000,354.900000,NaN,NaN,NaN,NaN
NaN,NaN,NaN,NaN,NaN,NaN
NaN,NaN,NaN,NaN,NaN,NaN
NaN,NaN,NaN,NaN,NaN,NaN
NaN,NaN,NaN,NaN,NaN,NaN
NaN,NaN,NaN,NaN,NaN,NaN
NaN,NaN,NaN,NaN,NaN,NaN
NaN,NaN,NaN,NaN,NaN,NaN
NaN,NaN,NaN,NaN,NaN,NaN
NaN,NaN,NaN,NaN,NaN,NaN
1544.129660,355.379650,NaN,NaN,NaN,NaN
1544.030000,355.030000,NaN,NaN,NaN,NaN
NaN,NaN,NaN,NaN,NaN,NaN
NaN,NaN,NaN,NaN,NaN,NaN
NaN,NaN,NaN,NaN,NaN,NaN
NaN,NaN,NaN,NaN,NaN,NaN
NaN,NaN,NaN,NaN,NaN,NaN
NaN,NaN,NaN,NaN,NaN,NaN
NaN,NaN,NaN,NaN,NaN,NaN
NaN,NaN,NaN,NaN,NaN,NaN
NaN,NaN,NaN,NaN,NaN,NaN
1544.129660,355.379650,NaN,NaN,NaN,NaN
1544.150000,355.070000,NaN,NaN,NaN,NaN
NaN,NaN,NaN,NaN,NaN,NaN
NaN,NaN,NaN,NaN,NaN,NaN
NaN,NaN,NaN,NaN,NaN,NaN
NaN,NaN,NaN,NaN,NaN,NaN
NaN,NaN,NaN,NaN,NaN,NaN
1543.357143,355.763158,NaN,NaN,NaN,NaN
1542.960000,355.780000,NaN,NaN,NaN,NaN
NaN,NaN,NaN,NaN,NaN,NaN
NaN,NaN,NaN,NaN,NaN,NaN
1544.129660,355.379650,NaN,NaN,NaN,NaN
1544.040000,354.810000,NaN,NaN,NaN,NaN
NaN,NaN,NaN,NaN,NaN,NaN
NaN,NaN,1507.947767,722.469365,1375.805203,730.346827
NaN,NaN,1507.930000,722.050000,1375.950000,729.990000
NaN,NaN,NaN,NaN,NaN,NaN
NaN,NaN,NaN,NaN,NaN,NaN
NaN,NaN,NaN,NaN,NaN,NaN
NaN,NaN,NaN,NaN,NaN,NaN
NaN,NaN,NaN,NaN,NaN,NaN
NaN,NaN,NaN,NaN,NaN,NaN
1544.129660,355.379650,NaN,NaN,NaN,NaN
1543.930000,354.920000,NaN,NaN,NaN,NaN
NaN,NaN,NaN,NaN,NaN,NaN
NaN,NaN,NaN,NaN,NaN,NaN
NaN,NaN,NaN,NaN,NaN,NaN
NaN,NaN,NaN,NaN,NaN,NaN
NaN,NaN,NaN,NaN,NaN,NaN
NaN,NaN,NaN,NaN,NaN,NaN
NaN,NaN,NaN,NaN,NaN,NaN
NaN,NaN,NaN,NaN,NaN,NaN
NaN,NaN,NaN,NaN,NaN,NaN
1544.129660,355.379650,NaN,NaN,NaN,NaN
1543.790000,354.900000,NaN,NaN,NaN,NaN
NaN,NaN,NaN,NaN,NaN,NaN
NaN,NaN,NaN,NaN,NaN,NaN
NaN,NaN,NaN,NaN,NaN,NaN
NaN,NaN,NaN,NaN,NaN,NaN
NaN,NaN,NaN,NaN,NaN,NaN
NaN,NaN,NaN,NaN,NaN,NaN
NaN,NaN,NaN,NaN,NaN,NaN
NaN,NaN,NaN,NaN,NaN,NaN
NaN,NaN,NaN,NaN,NaN,NaN
1544.129660,355.379650,NaN,NaN,NaN,NaN
1544.030000,355.050000,NaN,NaN,NaN,NaN
NaN,NaN,NaN,NaN,NaN,NaN
NaN,NaN,NaN,NaN,NaN,NaN
NaN,NaN,NaN,NaN,NaN,NaN
NaN,NaN,NaN,NaN,NaN,NaN
NaN,NaN,NaN,NaN,NaN,NaN
NaN,NaN,NaN,NaN,NaN,NaN
NaN,NaN,NaN,NaN,NaN,NaN
NaN,NaN,NaN,NaN,NaN,NaN
NaN,NaN,NaN,NaN,NaN,NaN
1544.129660,355.379650,NaN,NaN,NaN,NaN
1544.030000,355.030000,NaN,NaN,NaN,NaN
NaN,NaN,NaN,NaN,NaN,NaN
1543.357143,355.763158,NaN,NaN,NaN,NaN
1542.840000,355.870000,NaN,NaN,NaN,NaN
NaN,NaN,NaN,NaN,NaN,NaN
NaN,NaN,NaN,NaN,NaN,NaN
NaN,NaN,NaN,NaN,NaN,NaN
NaN,NaN,NaN,NaN,NaN,NaN
NaN,NaN,NaN,NaN,NaN,NaN
NaN,NaN,1507.947767,722.469365,1375.805203,730.346827
1544.129660,355.379650,1508.340000,722.120000,1376.040000,730.010000
1543.960000,354.930000,NaN,NaN,NaN,NaN
NaN,NaN,NaN,NaN,NaN,NaN
NaN,NaN,NaN,NaN,NaN,NaN
NaN,NaN,NaN,NaN,NaN,NaN
NaN,NaN,NaN,NaN,NaN,NaN
NaN,NaN,NaN,NaN,NaN,NaN
NaN,NaN,NaN,NaN,NaN,NaN
NaN,NaN,NaN,NaN,NaN,NaN
NaN,NaN,NaN,NaN,NaN,NaN
NaN,NaN,NaN,NaN,NaN,NaN
1544.129660,355.379650,NaN,NaN,NaN,NaN
1543.840000,355.150000,NaN,NaN,NaN,NaN
NaN,NaN,NaN,NaN,NaN,NaN
NaN,NaN,NaN,NaN,NaN,NaN
NaN,NaN,NaN,NaN,NaN,NaN
NaN,NaN,NaN,NaN,NaN,NaN
NaN,NaN,NaN,NaN,NaN,NaN
NaN,NaN,NaN,NaN,NaN,NaN
NaN,NaN,NaN,NaN,NaN,NaN
NaN,NaN,NaN,NaN,NaN,NaN
NaN,NaN,NaN,NaN,NaN,NaN
1544.129660,355.379650,NaN,NaN,NaN,NaN
1544.060000,355.000000,NaN,NaN,NaN,NaN
NaN,NaN,NaN,NaN,NaN,NaN
NaN,NaN,NaN,NaN,NaN,NaN
NaN,NaN,NaN,NaN,NaN,NaN
NaN,NaN,NaN,NaN,NaN,NaN
NaN,NaN,NaN,NaN,NaN,NaN
NaN,NaN,NaN,NaN,NaN,NaN
NaN,NaN,NaN,NaN,NaN,NaN
NaN,NaN,NaN,NaN,NaN,NaN
NaN,NaN,NaN,NaN,NaN,NaN
1544.129660,355.379650,NaN,NaN,NaN,NaN
1543.970000,355.010000,NaN,NaN,NaN,NaN
NaN,NaN,NaN,NaN,NaN,NaN
NaN,NaN,NaN,NaN,NaN,NaN
NaN,NaN,NaN,NaN,NaN,NaN
NaN,NaN,NaN,NaN,NaN,NaN
NaN,NaN,NaN,NaN,NaN,NaN
NaN,NaN,NaN,NaN,NaN,NaN
NaN,NaN,NaN,NaN,NaN,NaN
NaN,NaN,NaN,NaN,NaN,NaN
1543.357143,358.036842,NaN,NaN,NaN,NaN
1544.129660,355.379650,NaN,NaN,NaN,NaN
1544.100000,355.510000,NaN,NaN,NaN,NaN
NaN,NaN,NaN,NaN,NaN,NaN
NaN,NaN,NaN,NaN,NaN,NaN
NaN,NaN,NaN,NaN,NaN,NaN
NaN,NaN,NaN,NaN,NaN,NaN
NaN,NaN,1507.947767,722.469365,1375.805203,730.346827
NaN,NaN,1508.030000,722.050000,1376.030000,730.080000
NaN,NaN,NaN,NaN,NaN,NaN
NaN,NaN,NaN,NaN,NaN,NaN
NaN,NaN,NaN,NaN,NaN,NaN
1544.129660,355.379650,NaN,NaN,NaN,NaN
1543.890000,355.040000,NaN,NaN,NaN,NaN
NaN,NaN,NaN,NaN,NaN,NaN
NaN,NaN,NaN,NaN,NaN,NaN
NaN,NaN,NaN,NaN,NaN,NaN
NaN,NaN,NaN,NaN,NaN,NaN
NaN,NaN,NaN,NaN,NaN,NaN
NaN,NaN,NaN,NaN,NaN,NaN
NaN,NaN,NaN,NaN,NaN,NaN
NaN,NaN,NaN,NaN,NaN,NaN
NaN,NaN,NaN,NaN,NaN,NaN
1544.129660,355.379650,NaN,NaN,NaN,NaN
1543.980000,355.000000,NaN,NaN,NaN,NaN
NaN,NaN,NaN,NaN,NaN,NaN
NaN,NaN,NaN,NaN,NaN,NaN
NaN,NaN,NaN,NaN,NaN,NaN
NaN,NaN,NaN,NaN,NaN,NaN
NaN,NaN,NaN,NaN,NaN,NaN
NaN,NaN,NaN,NaN,NaN,NaN
NaN,NaN,NaN,NaN,NaN,NaN
NaN,NaN,NaN,NaN,NaN,NaN
NaN,NaN,NaN,NaN,NaN,NaN
1544.129660,355.379650,NaN,NaN,NaN,NaN
1543.910000,355.100000,NaN,NaN,NaN,NaN
NaN,NaN,NaN,NaN,NaN,NaN
NaN,NaN,NaN,NaN,NaN,NaN
NaN,NaN,NaN,NaN,NaN,NaN
NaN,NaN,NaN,NaN,NaN,NaN
NaN,NaN,NaN,NaN,NaN,NaN
NaN,NaN,NaN,NaN,NaN,NaN
NaN,NaN,NaN,NaN,NaN,NaN
NaN,NaN,NaN,NaN,NaN,NaN
NaN,NaN,NaN,NaN,NaN,NaN
1544.129660,355.379650,NaN,NaN,NaN,NaN
1543.960000,354.920000,NaN,NaN,NaN,NaN
NaN,NaN,NaN,NaN,NaN,NaN
NaN,NaN,NaN,NaN,NaN,NaN
NaN,NaN,NaN,NaN,NaN,NaN
NaN,NaN,NaN,NaN,NaN,NaN
1543.357143,358.036842,NaN,NaN,NaN,NaN
1543.000000,357.930000,NaN,NaN,NaN,NaN
NaN,NaN,NaN,NaN,NaN,NaN
NaN,NaN,NaN,NaN,NaN,NaN
NaN,NaN,NaN,NaN,NaN,NaN
1544.129660,355.379650,NaN,NaN,NaN,NaN
1544.000000,354.750000,NaN,NaN,NaN,NaN
NaN,NaN,1507.947767,722.469365,1375.805203,730.346827
NaN,NaN,1508.090000,721.700000,1376.000000,729.960000
NaN,NaN,NaN,NaN,NaN,NaN
NaN,NaN,NaN,NaN,NaN,NaN
NaN,NaN,NaN,NaN,NaN,NaN
NaN,NaN,NaN,NaN,NaN,NaN
NaN,NaN,NaN,NaN,NaN,NaN
NaN,NaN,NaN,NaN,NaN,NaN
NaN,NaN,NaN,NaN,NaN,NaN
1544.129660,355.379650,NaN,NaN,NaN,NaN
1543.950000,355.030000,NaN,NaN,NaN,NaN
NaN,NaN,NaN,NaN,NaN,NaN
NaN,NaN,NaN,NaN,NaN,NaN
NaN,NaN,NaN,NaN,NaN,NaN
NaN,NaN,NaN,NaN,NaN,NaN
NaN,NaN,NaN,NaN,NaN,NaN
NaN,NaN,NaN,NaN,NaN,NaN
NaN,NaN,NaN,NaN,NaN,NaN
NaN,NaN,NaN,NaN,NaN,NaN
NaN,NaN,NaN,NaN,NaN,NaN
1544.129660,355.379650,NaN,NaN,NaN,NaN
1544.020000,354.970000,NaN,NaN,NaN,NaN
NaN,NaN,NaN,NaN,NaN,NaN
NaN,NaN,NaN,NaN,NaN,NaN
NaN,NaN,NaN,NaN,NaN,NaN
NaN,NaN,NaN,NaN,NaN,NaN
NaN,NaN,NaN,NaN,NaN,NaN
NaN,NaN,NaN,NaN,NaN,NaN
NaN,NaN,NaN,NaN,NaN,NaN
NaN,NaN,NaN,NaN,NaN,NaN
NaN,NaN,NaN,NaN,NaN,NaN
1544.129660,355.379650,NaN,NaN,NaN,NaN
1544.070000,355.000000,NaN,NaN,NaN,NaN
NaN,NaN,NaN,NaN,NaN,NaN
NaN,NaN,NaN,NaN,NaN,NaN
NaN,NaN,NaN,NaN,NaN,NaN
NaN,NaN,NaN,NaN,NaN,NaN
NaN,NaN,NaN,NaN,NaN,NaN
NaN,NaN,NaN,NaN,NaN,NaN
NaN,NaN,NaN,NaN,NaN,NaN
NaN,NaN,NaN,NaN,NaN,NaN
NaN,NaN,NaN,NaN,NaN,NaN
1544.129660,355.379650,NaN,NaN,NaN,NaN
1544.100000,354.980000,NaN,NaN,NaN,NaN
1543.357143,358.036842,NaN,NaN,NaN,NaN
1542.980000,357.970000,NaN,NaN,NaN,NaN
NaN,NaN,NaN,NaN,NaN,NaN
NaN,NaN,NaN,NaN,NaN,NaN
NaN,NaN,NaN,NaN,NaN,NaN
NaN,NaN,NaN,NaN,NaN,NaN
NaN,NaN,NaN,NaN,NaN,NaN
NaN,NaN,1507.947767,722.469365,1375.805203,730.346827
NaN,NaN,1507.990000,722.000000,1376.000000,730.140000
1544.129660,355.379650,NaN,NaN,NaN,NaN
1543.990000,354.760000,NaN,NaN,NaN,NaN
NaN,NaN,NaN,NaN,NaN,NaN
NaN,NaN,NaN,NaN,NaN,NaN
NaN,NaN,NaN,NaN,NaN,NaN
NaN,NaN,NaN,NaN,NaN,NaN
NaN,NaN,NaN,NaN,NaN,NaN
NaN,NaN,NaN,NaN,NaN,NaN
NaN,NaN,NaN,NaN,NaN,NaN
NaN,NaN,NaN,NaN,NaN,NaN
NaN,NaN,NaN,NaN,NaN,NaN
1544.129660,355.379650,NaN,NaN,NaN,NaN
1544.110000,354.980000,NaN,NaN,NaN,NaN
NaN,NaN,NaN,NaN,NaN,NaN
NaN,NaN,NaN,NaN,NaN,NaN
NaN,NaN,NaN,NaN,NaN,NaN
NaN,NaN,NaN,NaN,NaN,NaN
NaN,NaN,NaN,NaN,NaN,NaN
NaN,NaN,NaN,NaN,NaN,NaN
NaN,NaN,NaN,NaN,NaN,NaN
NaN,NaN,NaN,NaN,NaN,NaN
NaN,NaN,NaN,NaN,NaN,NaN
1544.129660,355.379650,NaN,NaN,NaN,NaN
1543.870000,354.950000,NaN,NaN,NaN,NaN
NaN,NaN,NaN,NaN,NaN,NaN
NaN,NaN,NaN,NaN,NaN,NaN
NaN,NaN,NaN,NaN,NaN,NaN
NaN,NaN,NaN,NaN,NaN,NaN
NaN,NaN,NaN,NaN,NaN,NaN
NaN,NaN,NaN,NaN,NaN,NaN
NaN,NaN,NaN,NaN,NaN,NaN
NaN,NaN,NaN,NaN,NaN,NaN
NaN,NaN,NaN,NaN,NaN,NaN
1544.129660,355.379650,NaN,NaN,NaN,NaN
1544.020000,355.020000,NaN,NaN,NaN,NaN
NaN,NaN,NaN,NaN,NaN,NaN
NaN,NaN,NaN,NaN,NaN,NaN
NaN,NaN,NaN,NaN,NaN,NaN
NaN,NaN,NaN,NaN,NaN,NaN
NaN,NaN,NaN,NaN,NaN,NaN
NaN,NaN,NaN,NaN,NaN,NaN
NaN,NaN,NaN,NaN,NaN,NaN
1543.357143,358.036842,NaN,NaN,NaN,NaN
1543.020000,357.990000,NaN,NaN,NaN,NaN
1544.129660,355.379650,NaN,NaN,NaN,NaN
1543.890000,354.690000,NaN,NaN,NaN,NaN
NaN,NaN,NaN,NaN,NaN,NaN
NaN,NaN,NaN,NaN,NaN,NaN
NaN,NaN,NaN,NaN,NaN,NaN
NaN,NaN,1507.947767,722.469365,1375.805203,730.346827
NaN,NaN,1508.100000,722.030000,1376.020000,729.890000
NaN,NaN,NaN,NaN,NaN,NaN
NaN,NaN,NaN,NaN,NaN,NaN
NaN,NaN,NaN,NaN,NaN,NaN
NaN,NaN,NaN,NaN,NaN,NaN
1544.129660,355.379650,NaN,NaN,NaN,NaN
1543.940000,355.070000,NaN,NaN,NaN,NaN
NaN,NaN,NaN,NaN,NaN,NaN
NaN,NaN,NaN,NaN,NaN,NaN
NaN,NaN,NaN,NaN,NaN,NaN
NaN,NaN,NaN,NaN,NaN,NaN
NaN,NaN,NaN,NaN,NaN,NaN
NaN,NaN,NaN,NaN,NaN,NaN
NaN,NaN,NaN,NaN,NaN,NaN
NaN,NaN,NaN,NaN,NaN,NaN
NaN,NaN,NaN,NaN,NaN,NaN
1544.129660,355.379650,NaN,NaN,NaN,NaN
1544.180000,355.070000,NaN,NaN,NaN,NaN
NaN,NaN,NaN,NaN,NaN,NaN
NaN,NaN,NaN,NaN,NaN,NaN
NaN,NaN,NaN,NaN,NaN,NaN
NaN,NaN,NaN,NaN,NaN,NaN
NaN,NaN,NaN,NaN,NaN,NaN
NaN,NaN,NaN,NaN,NaN,NaN
NaN,NaN,NaN,NaN,NaN,NaN
NaN,NaN,NaN,NaN,NaN,NaN
NaN,NaN,NaN,NaN,NaN,NaN
1544.129660,355.379650,NaN,NaN,NaN,NaN
1543.910000,354.950000,NaN,NaN,NaN,NaN
NaN,NaN,NaN,NaN,NaN,NaN
NaN,NaN,NaN,NaN,NaN,NaN
NaN,NaN,NaN,NaN,NaN,NaN
NaN,NaN,NaN,NaN,NaN,NaN
NaN,NaN,NaN,NaN,NaN,NaN
NaN,NaN,NaN,NaN,NaN,NaN
NaN,NaN,NaN,NaN,NaN,NaN
NaN,NaN,NaN,NaN,NaN,NaN
NaN,NaN,NaN,NaN,NaN,NaN
1544.129660,355.379650,NaN,NaN,NaN,NaN
1543.960000,355.070000,NaN,NaN,NaN,NaN
NaN,NaN,NaN,NaN,NaN,NaN
NaN,NaN,NaN,NaN,NaN,NaN
NaN,NaN,NaN,NaN,NaN,NaN
1543.357143,358.036842,NaN,NaN,NaN,NaN
1542.980000,358.010000,NaN,NaN,NaN,NaN
NaN,NaN,NaN,NaN,NaN,NaN
NaN,NaN,NaN,NaN,NaN,NaN
NaN,NaN,NaN,NaN,NaN,NaN
NaN,NaN,NaN,NaN,NaN,NaN
1544.129660,355.379650,NaN,NaN,NaN,NaN
1544.010000,354.450000,1506.374642,722.469365,1375.805203,730.346827
NaN,NaN,1506.230000,721.970000,1376.020000,729.970000
NaN,NaN,NaN,NaN,NaN,NaN
NaN,NaN,NaN,NaN,NaN,NaN
NaN,NaN,NaN,NaN,NaN,NaN
NaN,NaN,NaN,NaN,NaN,NaN
NaN,NaN,NaN,NaN,NaN,NaN
NaN,NaN,NaN,NaN,NaN,NaN
NaN,NaN,NaN,NaN,NaN,NaN
NaN,NaN,NaN,NaN,NaN,NaN
1544.129660,355.379650,NaN,NaN,NaN,NaN
1544.000000,355.020000,NaN,NaN,NaN,NaN
NaN,NaN,NaN,NaN,NaN,NaN
NaN,NaN,NaN,NaN,NaN,NaN
NaN,NaN,NaN,NaN,NaN,NaN
NaN,NaN,NaN,NaN,NaN,NaN
NaN,NaN,NaN,NaN,NaN,NaN
NaN,NaN,NaN,NaN,NaN,NaN
NaN,NaN,NaN,NaN,NaN,NaN
NaN,NaN,NaN,NaN,NaN,NaN
NaN,NaN,NaN,NaN,NaN,NaN
1544.129660,355.379650,NaN,NaN,NaN,NaN
1544.080000,354.950000,NaN,NaN,NaN,NaN
NaN,NaN,NaN,NaN,NaN,NaN
NaN,NaN,NaN,NaN,NaN,NaN
NaN,NaN,NaN,NaN,NaN,NaN
NaN,NaN,NaN,NaN,NaN,NaN
NaN,NaN,NaN,NaN,NaN,NaN
NaN,NaN,NaN,NaN,NaN,NaN
NaN,NaN,NaN,NaN,NaN,NaN
NaN,NaN,NaN,NaN,NaN,NaN
NaN,NaN,NaN,NaN,NaN,NaN
NaN,NaN,NaN,NaN,NaN,NaN
NaN,NaN,NaN,NaN,NaN,NaN
NaN,NaN,NaN,NaN,NaN,NaN
NaN,NaN,NaN,NaN,NaN,NaN
NaN,NaN,NaN,NaN,NaN,NaN
NaN,NaN,NaN,NaN,NaN,NaN
NaN,NaN,NaN,NaN,NaN,NaN
NaN,NaN,NaN,NaN,NaN,NaN
NaN,NaN,NaN,NaN,NaN,NaN
NaN,NaN,NaN,NaN,NaN,NaN
1545.702786,353.804158,NaN,NaN,NaN,NaN
NaN,NaN,NaN,NaN,NaN,NaN
1546.030000,353.940000,NaN,NaN,NaN,NaN
1543.120000,356.050000,NaN,NaN,NaN,NaN
NaN,NaN,NaN,NaN,NaN,NaN
NaN,NaN,NaN,NaN,NaN,NaN
NaN,NaN,NaN,NaN,NaN,NaN
NaN,NaN,NaN,NaN,NaN,NaN
NaN,NaN,NaN,NaN,NaN,NaN
NaN,NaN,1506.374642,722.469365,1375.805203,730.346827
NaN,NaN,1505.950000,722.150000,1375.990000,730.070000
NaN,NaN,NaN,NaN,NaN,NaN
NaN,NaN,NaN,NaN,NaN,NaN
NaN,NaN,NaN,NaN,NaN,NaN
NaN,NaN,NaN,NaN,NaN,NaN
NaN,NaN,NaN,NaN,NaN,NaN
NaN,NaN,NaN,NaN,NaN,NaN
NaN,NaN,NaN,NaN,NaN,NaN
NaN,NaN,NaN,NaN,NaN,NaN
NaN,NaN,NaN,NaN,NaN,NaN
NaN,NaN,NaN,NaN,NaN,NaN
NaN,NaN,NaN,NaN,NaN,NaN
1545.702786,353.804158,NaN,NaN,NaN,NaN
NaN,NaN,NaN,NaN,NaN,NaN
1545.970000,354.090000,NaN,NaN,NaN,NaN
NaN,NaN,NaN,NaN,NaN,NaN
NaN,NaN,NaN,NaN,NaN,NaN
NaN,NaN,NaN,NaN,NaN,NaN
NaN,NaN,NaN,NaN,NaN,NaN
NaN,NaN,NaN,NaN,NaN,NaN
NaN,NaN,NaN,NaN,NaN,NaN
NaN,NaN,NaN,NaN,NaN,NaN
NaN,NaN,NaN,NaN,NaN,NaN
NaN,NaN,NaN,NaN,NaN,NaN
NaN,NaN,NaN,NaN,NaN,NaN
NaN,NaN,NaN,NaN,NaN,NaN
NaN,NaN,NaN,NaN,NaN,NaN
NaN,NaN,NaN,NaN,NaN,NaN
NaN,NaN,NaN,NaN,NaN,NaN
NaN,NaN,NaN,NaN,NaN,NaN
NaN,NaN,NaN,NaN,NaN,NaN
NaN,NaN,NaN,NaN,NaN,NaN
NaN,NaN,NaN,NaN,NaN,NaN
NaN,NaN,NaN,NaN,NaN,NaN
1545.702786,353.804158,NaN,NaN,NaN,NaN
NaN,NaN,NaN,NaN,NaN,NaN
1545.930000,354.050000,NaN,NaN,NaN,NaN
NaN,NaN,NaN,NaN,NaN,NaN
NaN,NaN,NaN,NaN,NaN,NaN
NaN,NaN,NaN,NaN,NaN,NaN
NaN,NaN,NaN,NaN,NaN,NaN
NaN,NaN,NaN,NaN,NaN,NaN
NaN,NaN,NaN,NaN,NaN,NaN
1543.357143,355.763158,NaN,NaN,NaN,NaN
1542.880000,355.930000,NaN,NaN,NaN,NaN
NaN,NaN,NaN,NaN,NaN,NaN
NaN,NaN,NaN,NaN,NaN,NaN
NaN,NaN,NaN,NaN,NaN,NaN
NaN,NaN,NaN,NaN,NaN,NaN
NaN,NaN,NaN,NaN,NaN,NaN
NaN,NaN,1506.374642,722.469365,1375.805203,730.346827
NaN,NaN,1505.950000,721.730000,1376.030000,729.940000
NaN,NaN,NaN,NaN,NaN,NaN
NaN,NaN,NaN,NaN,NaN,NaN
NaN,NaN,NaN,NaN,NaN,NaN
NaN,NaN,NaN,NaN,NaN,NaN
1545.702786,353.804158,NaN,NaN,NaN,NaN
NaN,NaN,NaN,NaN,NaN,NaN
1545.910000,354.020000,NaN,NaN,NaN,NaN
NaN,NaN,NaN,NaN,NaN,NaN
NaN,NaN,NaN,NaN,NaN,NaN
NaN,NaN,NaN,NaN,NaN,NaN
NaN,NaN,NaN,NaN,NaN,NaN
NaN,NaN,NaN,NaN,NaN,NaN
NaN,NaN,NaN,NaN,NaN,NaN
NaN,NaN,NaN,NaN,NaN,NaN
NaN,NaN,NaN,NaN,NaN,NaN
NaN,NaN,NaN,NaN,NaN,NaN
NaN,NaN,NaN,NaN,NaN,NaN
NaN,NaN,NaN,NaN,NaN,NaN
NaN,NaN,NaN,NaN,NaN,NaN
NaN,NaN,NaN,NaN,NaN,NaN
NaN,NaN,NaN,NaN,NaN,NaN
NaN,NaN,NaN,NaN,NaN,NaN
NaN,NaN,NaN,NaN,NaN,NaN
NaN,NaN,NaN,NaN,NaN,NaN
NaN,NaN,NaN,NaN,NaN,NaN
NaN,NaN,NaN,NaN,NaN,NaN
1545.702786,353.804158,NaN,NaN,NaN,NaN
NaN,NaN,NaN,NaN,NaN,NaN
1546.020000,353.960000,NaN,NaN,NaN,NaN
NaN,NaN,NaN,NaN,NaN,NaN
NaN,NaN,NaN,NaN,NaN,NaN
NaN,NaN,NaN,NaN,NaN,NaN
NaN,NaN,NaN,NaN,NaN,NaN
NaN,NaN,NaN,NaN,NaN,NaN
NaN,NaN,NaN,NaN,NaN,NaN
NaN,NaN,NaN,NaN,NaN,NaN
NaN,NaN,NaN,NaN,NaN,NaN
NaN,NaN,NaN,NaN,NaN,NaN
NaN,NaN,NaN,NaN,NaN,NaN
NaN,NaN,NaN,NaN,NaN,NaN
NaN,NaN,NaN,NaN,NaN,NaN
NaN,NaN,NaN,NaN,NaN,NaN
1543.357143,355.763158,NaN,NaN,NaN,NaN
1543.050000,356.050000,NaN,NaN,NaN,NaN
NaN,NaN,NaN,NaN,NaN,NaN
NaN,NaN,NaN,NaN,NaN,NaN
NaN,NaN,NaN,NaN,NaN,NaN
NaN,NaN,NaN,NaN,NaN,NaN
1545.702786,353.804158,NaN,NaN,NaN,NaN
NaN,NaN,1506.374642,722.469365,1375.805203,730.346827
1546.000000,354.140000,1506.050000,721.870000,1375.930000,729.950000
NaN,NaN,NaN,NaN,NaN,NaN
NaN,NaN,NaN,NaN,NaN,NaN
NaN,NaN,NaN,NaN,NaN,NaN
NaN,NaN,NaN,NaN,NaN,NaN
NaN,NaN,NaN,NaN,NaN,NaN
NaN,NaN,NaN,NaN,NaN,NaN
NaN,NaN,NaN,NaN,NaN,NaN
NaN,NaN,NaN,NaN,NaN,NaN
NaN,NaN,NaN,NaN,NaN,NaN
NaN,NaN,NaN,NaN,NaN,NaN
NaN,NaN,NaN,NaN,NaN,NaN
NaN,NaN,NaN,NaN,NaN,NaN
NaN,NaN,NaN,NaN,NaN,NaN
NaN,NaN,NaN,NaN,NaN,NaN
NaN,NaN,NaN,NaN,NaN,NaN
NaN,NaN,NaN,NaN,NaN,NaN
NaN,NaN,NaN,NaN,NaN,NaN
NaN,NaN,NaN,NaN,NaN,NaN
NaN,NaN,NaN,NaN,NaN,NaN
1545.702786,353.804158,NaN,NaN,NaN,NaN
NaN,NaN,NaN,NaN,NaN,NaN
1545.970000,353.980000,NaN,NaN,NaN,NaN
NaN,NaN,NaN,NaN,NaN,NaN
NaN,NaN,NaN,NaN,NaN,NaN
NaN,NaN,NaN,NaN,NaN,NaN
NaN,NaN,NaN,NaN,NaN,NaN
NaN,NaN,NaN,NaN,NaN,NaN
NaN,NaN,NaN,NaN,NaN,NaN
NaN,NaN,NaN,NaN,NaN,NaN
NaN,NaN,NaN,NaN,NaN,NaN
NaN,NaN,NaN,NaN,NaN,NaN
NaN,NaN,NaN,NaN,NaN,NaN
NaN,NaN,NaN,NaN,NaN,NaN
NaN,NaN,NaN,NaN,NaN,NaN
1544.129660,355.379650,NaN,NaN,NaN,NaN
1544.150000,355.050000,NaN,NaN,NaN,NaN
NaN,NaN,NaN,NaN,NaN,NaN
NaN,NaN,NaN,NaN,NaN,NaN
NaN,NaN,NaN,NaN,NaN,NaN
NaN,NaN,NaN,NaN,NaN,NaN
NaN,NaN,NaN,NaN,NaN,NaN
1545.702786,353.804158,NaN,NaN,NaN,NaN
1543.357143,355.763158,NaN,NaN,NaN,NaN
1546.110000,353.990000,NaN,NaN,NaN,NaN
NaN,NaN,NaN,NaN,NaN,NaN
NaN,NaN,NaN,NaN,NaN,NaN
NaN,NaN,NaN,NaN,NaN,NaN
NaN,NaN,NaN,NaN,NaN,NaN
NaN,NaN,NaN,NaN,NaN,NaN
NaN,NaN,1506.374642,722.469365,1375.805203,730.346827
NaN,NaN,1505.970000,722.270000,1376.000000,730.130000
NaN,NaN,NaN,NaN,NaN,NaN
NaN,NaN,NaN,NaN,NaN,NaN
NaN,NaN,NaN,NaN,NaN,NaN
NaN,NaN,NaN,NaN,NaN,NaN
NaN,NaN,NaN,NaN,NaN,NaN
NaN,NaN,NaN,NaN,NaN,NaN
NaN,NaN,NaN,NaN,NaN,NaN
NaN,NaN,NaN,NaN,NaN,NaN
NaN,NaN,NaN,NaN,NaN,NaN
NaN,NaN,NaN,NaN,NaN,NaN
NaN,NaN,NaN,NaN,NaN,NaN
NaN,NaN,NaN,NaN,NaN,NaN
1545.702786,353.804158,NaN,NaN,NaN,NaN
NaN,NaN,NaN,NaN,NaN,NaN
1546.070000,353.950000,NaN,NaN,NaN,NaN
NaN,NaN,NaN,NaN,NaN,NaN
NaN,NaN,NaN,NaN,NaN,NaN
NaN,NaN,NaN,NaN,NaN,NaN
NaN,NaN,NaN,NaN,NaN,NaN
NaN,NaN,NaN,NaN,NaN,NaN
NaN,NaN,NaN,NaN,NaN,NaN
NaN,NaN,NaN,NaN,NaN,NaN
NaN,NaN,NaN,NaN,NaN,NaN
NaN,NaN,NaN,NaN,NaN,NaN
NaN,NaN,NaN,NaN,NaN,NaN
NaN,NaN,NaN,NaN,NaN,NaN
NaN,NaN,NaN,NaN,NaN,NaN
NaN,NaN,NaN,NaN,NaN,NaN
NaN,NaN,NaN,NaN,NaN,NaN
NaN,NaN,NaN,NaN,NaN,NaN
NaN,NaN,NaN,NaN,NaN,NaN
NaN,NaN,NaN,NaN,NaN,NaN
NaN,NaN,NaN,NaN,NaN,NaN
1543.357143,355.763158,NaN,NaN,NaN,NaN
1545.702786,353.804158,NaN,NaN,NaN,NaN
1543.020000,355.920000,NaN,NaN,NaN,NaN
1545.850000,354.010000,NaN,NaN,NaN,NaN
1543.070000,356.010000,NaN,NaN,NaN,NaN
1542.920000,355.970000,NaN,NaN,NaN,NaN
1543.040000,355.980000,NaN,NaN,NaN,NaN
1542.990000,356.030000,NaN,NaN,NaN,NaN
1543.020000,356.060000,NaN,NaN,NaN,NaN
1543.210000,356.110000,NaN,NaN,NaN,NaN
1542.830000,355.890000,NaN,NaN,NaN,NaN
1542.980000,355.990000,NaN,NaN,NaN,NaN
1543.030000,356.000000,NaN,NaN,NaN,NaN
1542.990000,356.040000,NaN,NaN,NaN,NaN
1543.040000,355.930000,NaN,NaN,NaN,NaN
1542.980000,355.980000,NaN,NaN,NaN,NaN
1543.010000,355.980000,1506.374642,722.469365,1375.805203,730.346827
1542.990000,356.030000,1505.940000,722.040000,1376.030000,730.020000
1543.060000,355.920000,NaN,NaN,NaN,NaN
1542.980000,356.120000,NaN,NaN,NaN,NaN
1543.050000,356.020000,NaN,NaN,NaN,NaN
1542.910000,356.020000,NaN,NaN,NaN,NaN
1543.090000,356.060000,NaN,NaN,NaN,NaN
1542.760000,355.930000,NaN,NaN,NaN,NaN
1542.800000,355.920000,NaN,NaN,NaN,NaN
1542.800000,355.920000,NaN,NaN,NaN,NaN
1541.000000,356.110000,NaN,NaN,NaN,NaN
1542.556534,355.379650,NaN,NaN,NaN,NaN
1541.560000,357.730000,NaN,NaN,NaN,NaN
1537.837157,356.955142,NaN,NaN,NaN,NaN
1537.900000,358.800000,NaN,NaN,NaN,NaN
1534.060000,357.940000,NaN,NaN,NaN,NaN
1533.390000,359.620000,NaN,NaN,NaN,NaN
1528.398402,356.955142,NaN,NaN,NaN,NaN
1526.850000,360.800000,NaN,NaN,NaN,NaN
1521.970000,357.580000,NaN,NaN,NaN,NaN
1520.600000,361.980000,NaN,NaN,NaN,NaN
1515.350000,359.510000,NaN,NaN,NaN,NaN
1512.970000,363.970000,NaN,NaN,NaN,NaN
1506.690000,361.510000,NaN,NaN,NaN,NaN
1501.655264,364.832604,NaN,NaN,NaN,NaN
1503.228390,367.983589,NaN,NaN,NaN,NaN
NaN,NaN,NaN,NaN,NaN,NaN
1492.216510,366.408096,NaN,NaN,NaN,NaN
NaN,NaN,NaN,NaN,NaN,NaN
1482.777755,363.257112,NaN,NaN,NaN,NaN
NaN,NaN,NaN,NaN,NaN,NaN
1478.058378,363.257112,NaN,NaN,NaN,NaN
NaN,NaN,NaN,NaN,NaN,NaN
1470.192749,363.257112,NaN,NaN,NaN,NaN
NaN,NaN,NaN,NaN,NaN,NaN
1462.327120,363.257112,NaN,NaN,NaN,NaN
NaN,NaN,NaN,NaN,NaN,NaN
1462.327120,363.257112,NaN,NaN,NaN,NaN
NaN,NaN,NaN,NaN,NaN,NaN
1459.180868,364.832604,NaN,NaN,NaN,NaN
NaN,NaN,NaN,NaN,NaN,NaN
1456.034617,364.832604,NaN,NaN,NaN,NaN
NaN,NaN,NaN,NaN,NaN,NaN
1451.315240,366.408096,NaN,NaN,NaN,NaN
NaN,NaN,NaN,NaN,NaN,NaN
1443.449611,366.408096,NaN,NaN,NaN,NaN
NaN,NaN,NaN,NaN,NaN,NaN
1435.583982,364.832604,NaN,NaN,NaN,NaN
NaN,NaN,NaN,NaN,NaN,NaN
1430.864605,363.257112,NaN,NaN,NaN,NaN
NaN,NaN,NaN,NaN,NaN,NaN
1427.718353,364.832604,1506.374642,722.469365,1375.805203,731.922319
NaN,NaN,NaN,NaN,1375.990000,731.950000
1421.425850,367.983589,NaN,NaN,NaN,NaN
NaN,NaN,NaN,NaN,NaN,NaN
1415.133347,366.408096,NaN,NaN,NaN,NaN
NaN,NaN,NaN,NaN,NaN,NaN
1410.413970,366.408096,NaN,NaN,NaN,NaN
NaN,NaN,NaN,NaN,NaN,NaN
1407.267718,366.408096,NaN,NaN,NaN,NaN
NaN,NaN,NaN,NaN,NaN,NaN
1404.121467,367.983589,NaN,NaN,NaN,NaN
NaN,NaN,NaN,NaN,NaN,NaN
1399.402089,367.983589,NaN,NaN,NaN,NaN
NaN,NaN,NaN,NaN,NaN,NaN
1394.682712,367.983589,NaN,NaN,NaN,NaN
NaN,NaN,NaN,NaN,NaN,NaN
1388.390209,367.983589,NaN,NaN,NaN,NaN
NaN,NaN,NaN,NaN,NaN,NaN
1382.097706,367.983589,NaN,NaN,NaN,NaN
NaN,NaN,NaN,NaN,NaN,NaN
1374.232077,375.861050,NaN,NaN,NaN,NaN
NaN,NaN,NaN,NaN,NaN,NaN
1367.939574,372.710066,NaN,NaN,NaN,NaN
NaN,NaN,NaN,NaN,NaN,NaN
1361.647071,377.436543,NaN,NaN,NaN,NaN
NaN,NaN,NaN,NaN,NaN,NaN
1350.635190,380.587527,NaN,NaN,NaN,NaN
NaN,NaN,NaN,NaN,NaN,NaN
1342.769562,382.163020,NaN,NaN,NaN,NaN
NaN,NaN,NaN,NaN,NaN,NaN
1333.330807,382.163020,NaN,NaN,NaN,NaN
NaN,NaN,NaN,NaN,NaN,NaN
1325.465178,383.738512,NaN,NaN,NaN,NaN
NaN,NaN,NaN,NaN,NaN,NaN
1317.599549,379.012035,NaN,NaN,NaN,NaN
NaN,NaN,NaN,NaN,NaN,NaN
1311.307046,379.012035,NaN,NaN,NaN,NaN
NaN,NaN,NaN,NaN,NaN,NaN
1306.587669,382.163020,NaN,NaN,NaN,NaN
NaN,NaN,NaN,NaN,NaN,NaN
1303.291274,379.422319,NaN,NaN,NaN,NaN
NaN,NaN,NaN,NaN,NaN,NaN
1296.998771,380.472648,NaN,NaN,NaN,NaN
NaN,NaN,NaN,NaN,NaN,NaN
1290.706268,380.472648,NaN,NaN,NaN,NaN
NaN,NaN,NaN,NaN,NaN,NaN
1289.657517,380.472648,NaN,NaN,NaN,NaN
NaN,NaN,NaN,NaN,NaN,NaN
1282.316264,381.522976,NaN,NaN,NaN,NaN
NaN,NaN,NaN,NaN,NaN,NaN
1280.218763,381.522976,NaN,NaN,NaN,NaN
NaN,NaN,1506.374642,722.469365,1375.805203,731.922319
1279.170012,381.522976,1506.000000,721.990000,1375.850000,731.900000
NaN,NaN,NaN,NaN,NaN,NaN
1276.023761,381.522976,NaN,NaN,NaN,NaN
NaN,NaN,NaN,NaN,NaN,NaN
1270.780008,383.623632,NaN,NaN,NaN,NaN
NaN,NaN,NaN,NaN,NaN,NaN
1265.536256,383.623632,NaN,NaN,NaN,NaN
NaN,NaN,NaN,NaN,NaN,NaN
1264.487505,382.573304,NaN,NaN,NaN,NaN
NaN,NaN,NaN,NaN,NaN,NaN
1260.292503,382.573304,NaN,NaN,NaN,NaN
NaN,NaN,NaN,NaN,NaN,NaN
1257.146252,386.774617,NaN,NaN,NaN,NaN
NaN,NaN,NaN,NaN,NaN,NaN
1251.902499,386.774617,NaN,NaN,NaN,NaN
NaN,NaN,NaN,NaN,NaN,NaN
1247.707497,385.724289,NaN,NaN,NaN,NaN
NaN,NaN,NaN,NaN,NaN,NaN
1241.414994,385.724289,NaN,NaN,NaN,NaN
NaN,NaN,NaN,NaN,NaN,NaN
1235.122491,386.774617,NaN,NaN,NaN,NaN
NaN,NaN,NaN,NaN,NaN,NaN
1228.829988,386.774617,NaN,NaN,NaN,NaN
NaN,NaN,NaN,NaN,NaN,NaN
1220.439984,393.076586,NaN,NaN,NaN,NaN
NaN,NaN,NaN,NaN,NaN,NaN
1209.952478,396.227571,NaN,NaN,NaN,NaN
NaN,NaN,NaN,NaN,NaN,NaN
1200.513724,399.378556,NaN,NaN,NaN,NaN
NaN,NaN,NaN,NaN,NaN,NaN
1188.977468,398.328228,NaN,NaN,NaN,NaN
NaN,NaN,NaN,NaN,NaN,NaN
1181.636215,398.328228,NaN,NaN,NaN,NaN
NaN,NaN,NaN,NaN,NaN,NaN
1176.392462,394.126915,NaN,NaN,NaN,NaN
NaN,NaN,NaN,NaN,NaN,NaN
1164.856206,395.177243,NaN,NaN,NaN,NaN
NaN,NaN,NaN,NaN,NaN,NaN
1156.466202,394.126915,NaN,NaN,NaN,NaN
NaN,NaN,NaN,NaN,NaN,NaN
1152.271200,389.925602,NaN,NaN,NaN,NaN
NaN,NaN,NaN,NaN,NaN,NaN
1145.978697,392.026258,NaN,NaN,NaN,NaN
NaN,NaN,NaN,NaN,NaN,NaN
1140.734945,395.177243,NaN,NaN,NaN,NaN
NaN,NaN,NaN,NaN,NaN,NaN
1133.393691,394.126915,NaN,NaN,NaN,NaN
NaN,NaN,NaN,NaN,NaN,NaN
1129.198689,394.126915,NaN,NaN,NaN,NaN
NaN,NaN,NaN,NaN,NaN,NaN
1123.954937,395.177243,1506.374642,722.469365,1375.805203,731.922319
NaN,NaN,1505.980000,721.970000,1375.940000,732.020000
1118.711184,398.328228,NaN,NaN,NaN,NaN
NaN,NaN,NaN,NaN,NaN,NaN
1116.613683,396.227571,NaN,NaN,NaN,NaN
NaN,NaN,NaN,NaN,NaN,NaN
1112.418681,396.227571,NaN,NaN,NaN,NaN
NaN,NaN,NaN,NaN,NaN,NaN
1106.126178,396.227571,NaN,NaN,NaN,NaN
NaN,NaN,NaN,NaN,NaN,NaN
1102.979926,396.227571,NaN,NaN,NaN,NaN
NaN,NaN,NaN,NaN,NaN,NaN
1099.833675,396.227571,NaN,NaN,NaN,NaN
NaN,NaN,NaN,NaN,NaN,NaN
1093.541172,397.277899,NaN,NaN,NaN,NaN
NaN,NaN,NaN,NaN,NaN,NaN
1091.443671,396.227571,NaN,NaN,NaN,NaN
NaN,NaN,NaN,NaN,NaN,NaN
1087.248669,396.227571,NaN,NaN,NaN,NaN
NaN,NaN,NaN,NaN,NaN,NaN
1083.053667,395.177243,NaN,NaN,NaN,NaN
NaN,NaN,NaN,NaN,NaN,NaN
1078.858664,397.277899,NaN,NaN,NaN,NaN
NaN,NaN,NaN,NaN,NaN,NaN
1069.419910,398.328228,NaN,NaN,NaN,NaN
NaN,NaN,NaN,NaN,NaN,NaN
1061.029906,400.428884,NaN,NaN,NaN,NaN
NaN,NaN,NaN,NaN,NaN,NaN
1056.834904,400.428884,NaN,NaN,NaN,NaN
NaN,NaN,NaN,NaN,NaN,NaN
1049.493650,401.479212,NaN,NaN,NaN,NaN
NaN,NaN,NaN,NaN,NaN,NaN
1039.006145,403.579869,NaN,NaN,NaN,NaN
NaN,NaN,NaN,NaN,NaN,NaN
1029.567390,404.630197,NaN,NaN,NaN,NaN
NaN,NaN,NaN,NaN,NaN,NaN
1019.079885,407.781182,NaN,NaN,NaN,NaN
NaN,NaN,NaN,NaN,NaN,NaN
1006.494879,408.831510,NaN,NaN,NaN,NaN
NaN,NaN,NaN,NaN,NaN,NaN
997.056125,405.680525,NaN,NaN,NaN,NaN
NaN,NaN,NaN,NaN,NaN,NaN
987.617370,407.781182,NaN,NaN,NaN,NaN
NaN,NaN,NaN,NaN,NaN,NaN
980.276116,404.630197,NaN,NaN,NaN,NaN
NaN,NaN,NaN,NaN,NaN,NaN
972.934863,407.781182,NaN,NaN,NaN,NaN
NaN,NaN,NaN,NaN,NaN,NaN
966.642360,404.630197,NaN,NaN,NaN,NaN
NaN,NaN,NaN,NaN,NaN,NaN
964.544859,407.781182,NaN,NaN,NaN,NaN
NaN,NaN,1506.374642,722.469365,1375.805203,731.922319
959.301106,409.881838,1505.960000,722.000000,1375.980000,732.030000
NaN,NaN,NaN,NaN,NaN,NaN
955.106104,406.730853,NaN,NaN,NaN,NaN
NaN,NaN,NaN,NaN,NaN,NaN
953.008603,409.881838,NaN,NaN,NaN,NaN
NaN,NaN,NaN,NaN,NaN,NaN
947.764850,406.730853,NaN,NaN,NaN,NaN
NaN,NaN,NaN,NaN,NaN,NaN
944.618599,410.932166,NaN,NaN,NaN,NaN
NaN,NaN,NaN,NaN,NaN,NaN
940.423597,408.831510,NaN,NaN,NaN,NaN
NaN,NaN,NaN,NaN,NaN,NaN
936.228595,408.831510,NaN,NaN,NaN,NaN
NaN,NaN,NaN,NaN,NaN,NaN
932.033593,409.881838,NaN,NaN,NaN,NaN
NaN,NaN,NaN,NaN,NaN,NaN
930.984842,409.881838,NaN,NaN,NaN,NaN
NaN,NaN,NaN,NaN,NaN,NaN
928.887341,410.932166,NaN,NaN,NaN,NaN
NaN,NaN,NaN,NaN,NaN,NaN
924.692339,410.932166,NaN,NaN,NaN,NaN
NaN,NaN,NaN,NaN,NaN,NaN
923.643589,413.032823,NaN,NaN,NaN,NaN
NaN,NaN,NaN,NaN,NaN,NaN
917.351086,410.932166,NaN,NaN,NaN,NaN
NaN,NaN,NaN,NaN,NaN,NaN
912.107333,410.932166,NaN,NaN,NaN,NaN
NaN,NaN,NaN,NaN,NaN,NaN
908.961082,411.982495,NaN,NaN,NaN,NaN
NaN,NaN,NaN,NaN,NaN,NaN
903.717329,413.032823,NaN,NaN,NaN,NaN
NaN,NaN,NaN,NaN,NaN,NaN
897.424826,410.932166,NaN,NaN,NaN,NaN
NaN,NaN,NaN,NaN,NaN,NaN
891.300833,412.544858,NaN,NaN,NaN,NaN
NaN,NaN,NaN,NaN,NaN,NaN
883.609996,414.645514,NaN,NaN,NaN,NaN
NaN,NaN,NaN,NaN,NaN,NaN
872.423324,417.446389,NaN,NaN,NaN,NaN
NaN,NaN,NaN,NaN,NaN,NaN
862.634986,420.247265,NaN,NaN,NaN,NaN
NaN,NaN,NaN,NaN,NaN,NaN
854.944149,420.947484,NaN,NaN,NaN,NaN
NaN,NaN,NaN,NaN,NaN,NaN
843.757476,423.748359,NaN,NaN,NaN,NaN
NaN,NaN,NaN,NaN,NaN,NaN
834.668305,421.647702,NaN,NaN,NaN,NaN
NaN,NaN,NaN,NaN,NaN,NaN
826.278301,420.947484,NaN,NaN,NaN,NaN
NaN,NaN,NaN,NaN,NaN,NaN
816.489963,420.947484,1506.374642,722.469365,1377.378329,730.346827
NaN,NaN,1506.040000,721.940000,1377.010000,730.010000
808.099959,422.347921,NaN,NaN,NaN,NaN
NaN,NaN,NaN,NaN,NaN,NaN
799.709955,418.846827,NaN,NaN,NaN,NaN
NaN,NaN,NaN,NaN,NaN,NaN
794.815786,418.146608,NaN,NaN,NaN,NaN
NaN,NaN,NaN,NaN,NaN,NaN
788.523283,418.846827,NaN,NaN,NaN,NaN
NaN,NaN,NaN,NaN,NaN,NaN
782.230780,418.146608,NaN,NaN,NaN,NaN
NaN,NaN,NaN,NaN,NaN,NaN
778.734945,418.846827,NaN,NaN,NaN,NaN
NaN,NaN,NaN,NaN,NaN,NaN
774.539943,418.846827,NaN,NaN,NaN,NaN
NaN,NaN,NaN,NaN,NaN,NaN
768.247440,418.846827,NaN,NaN,NaN,NaN
NaN,NaN,NaN,NaN,NaN,NaN
762.654104,416.045952,NaN,NaN,NaN,NaN
NaN,NaN,NaN,NaN,NaN,NaN
755.662433,417.446389,NaN,NaN,NaN,NaN
NaN,NaN,NaN,NaN,NaN,NaN
747.971596,416.746171,NaN,NaN,NaN,NaN
NaN,NaN,NaN,NaN,NaN,NaN
741.679093,418.146608,NaN,NaN,NaN,NaN
NaN,NaN,NaN,NaN,NaN,NaN
736.784924,418.146608,NaN,NaN,NaN,NaN
NaN,NaN,NaN,NaN,NaN,NaN
731.890755,417.446389,NaN,NaN,NaN,NaN
NaN,NaN,NaN,NaN,NaN,NaN
723.500751,418.146608,NaN,NaN,NaN,NaN
NaN,NaN,NaN,NaN,NaN,NaN
711.614912,418.846827,NaN,NaN,NaN,NaN
NaN,NaN,NaN,NaN,NaN,NaN
699.729073,419.547046,NaN,NaN,NaN,NaN
NaN,NaN,NaN,NaN,NaN,NaN
689.940735,424.448578,NaN,NaN,NaN,NaN
NaN,NaN,NaN,NaN,NaN,NaN
677.355729,428.649891,NaN,NaN,NaN,NaN
NaN,NaN,NaN,NaN,NaN,NaN
670.364058,430.750547,NaN,NaN,NaN,NaN
NaN,NaN,NaN,NaN,NaN,NaN
657.779052,432.851204,NaN,NaN,NaN,NaN
NaN,NaN,NaN,NaN,NaN,NaN
645.194046,438.452954,NaN,NaN,NaN,NaN
NaN,NaN,NaN,NaN,NaN,NaN
634.706541,444.054705,NaN,NaN,NaN,NaN
NaN,NaN,NaN,NaN,NaN,NaN
622.121535,450.356674,NaN,NaN,NaN,NaN
NaN,NaN,NaN,NaN,NaN,NaN
596.951523,458.059081,NaN,NaN,NaN,NaN
NaN,NaN,1506.374642,722.469365,1377.378329,730.346827
580.171514,466.461707,1506.060000,721.880000,1377.020000,729.930000
NaN,NaN,NaN,NaN,NaN,NaN
570.383176,475.564551,NaN,NaN,NaN,NaN
NaN,NaN,NaN,NaN,NaN,NaN
555.700669,486.067834,NaN,NaN,NaN,NaN
NaN,NaN,NaN,NaN,NaN,NaN
543.115663,500.772429,NaN,NaN,NaN,NaN
NaN,NaN,NaN,NaN,NaN,NaN
528.433156,516.877462,NaN,NaN,NaN,NaN
NaN,NaN,NaN,NaN,NaN,NaN
515.848150,525.280088,NaN,NaN,NaN,NaN
NaN,NaN,NaN,NaN,NaN,NaN
502.563977,542.785558,NaN,NaN,NaN,NaN
NaN,NaN,NaN,NaN,NaN,NaN
489.279803,555.389497,NaN,NaN,NaN,NaN
NaN,NaN,NaN,NaN,NaN,NaN
475.995630,570.094092,NaN,NaN,NaN,NaN
NaN,NaN,NaN,NaN,NaN,NaN
461.084437,587.865062,NaN,NaN,NaN,NaN
NaN,NaN,NaN,NaN,NaN,NaN
450.829988,610.272064,NaN,NaN,NaN,NaN
NaN,NaN,NaN,NaN,NaN,NaN
439.643316,637.347192,NaN,NaN,NaN,NaN
NaN,NaN,NaN,NaN,NaN,NaN
433.117757,642.015317,NaN,NaN,NaN,NaN
NaN,NaN,NaN,NaN,NaN,NaN
422.863307,666.289570,NaN,NaN,NaN,NaN
NaN,NaN,NaN,NaN,NaN,NaN
417.269971,691.497447,NaN,NaN,NaN,NaN
NaN,NaN,NaN,NaN,NaN,NaN
411.676635,724.174325,NaN,NaN,NaN,NaN
NaN,NaN,NaN,NaN,NaN,NaN
401.422186,734.444201,NaN,NaN,NaN,NaN
NaN,NaN,NaN,NaN,NaN,NaN
391.167736,733.510576,NaN,NaN,NaN,NaN
NaN,NaN,NaN,NaN,NaN,NaN
381.845510,733.510576,NaN,NaN,NaN,NaN
NaN,NaN,NaN,NaN,NaN,NaN
373.455505,732.576951,NaN,NaN,NaN,NaN
NaN,NaN,NaN,NaN,NaN,NaN
367.862169,731.643326,NaN,NaN,NaN,NaN
NaN,NaN,NaN,NaN,NaN,NaN
362.268833,735.377826,NaN,NaN,NaN,NaN
NaN,NaN,NaN,NaN,NaN,NaN
356.675497,735.377826,NaN,NaN,NaN,NaN
NaN,NaN,NaN,NaN,NaN,NaN
356.675497,735.377826,NaN,NaN,NaN,NaN
NaN,NaN,NaN,NaN,NaN,NaN
352.946607,740.045952,NaN,NaN,NaN,NaN
NaN,NaN,NaN,NaN,NaN,NaN
352.014384,741.913202,1506.374642,722.469365,1377.378329,730.346827
NaN,NaN,1505.960000,722.000000,1376.950000,730.100000
350.149939,740.979577,NaN,NaN,NaN,NaN
NaN,NaN,NaN,NaN,NaN,NaN
348.285493,745.647702,NaN,NaN,NaN,NaN
NaN,NaN,NaN,NaN,NaN,NaN
348.285493,741.913202,NaN,NaN,NaN,NaN
NaN,NaN,NaN,NaN,NaN,NaN
350.149939,741.913202,NaN,NaN,NaN,NaN
NaN,NaN,NaN,NaN,NaN,NaN
350.149939,740.979577,NaN,NaN,NaN,NaN
NaN,NaN,NaN,NaN,NaN,NaN
349.217716,740.979577,NaN,NaN,NaN,NaN
NaN,NaN,NaN,NaN,NaN,NaN
350.149939,741.913202,NaN,NaN,NaN,NaN
NaN,NaN,NaN,NaN,NaN,NaN
350.149939,740.979577,NaN,NaN,NaN,NaN
NaN,NaN,NaN,NaN,NaN,NaN
350.149939,740.979577,NaN,NaN,NaN,NaN
NaN,NaN,NaN,NaN,NaN,NaN
348.285493,739.112327,NaN,NaN,NaN,NaN
NaN,NaN,NaN,NaN,NaN,NaN
348.285493,739.112327,NaN,NaN,NaN,NaN
NaN,NaN,NaN,NaN,NaN,NaN
348.285493,739.112327,NaN,NaN,NaN,NaN
NaN,NaN,NaN,NaN,NaN,NaN
348.285493,739.112327,NaN,NaN,NaN,NaN
NaN,NaN,NaN,NaN,NaN,NaN
348.285493,743.780452,NaN,NaN,NaN,NaN
NaN,NaN,NaN,NaN,NaN,NaN
347.353271,738.178702,NaN,NaN,NaN,NaN
NaN,NaN,NaN,NaN,NaN,NaN
347.353271,742.846827,NaN,NaN,NaN,NaN
NaN,NaN,NaN,NaN,NaN,NaN
347.353271,742.846827,NaN,NaN,NaN,NaN
NaN,NaN,NaN,NaN,NaN,NaN
347.353271,742.846827,NaN,NaN,NaN,NaN
NaN,NaN,NaN,NaN,NaN,NaN
347.353271,742.846827,NaN,NaN,NaN,NaN
NaN,NaN,NaN,NaN,NaN,NaN
347.353271,742.846827,NaN,NaN,NaN,NaN
NaN,NaN,NaN,NaN,NaN,NaN
347.353271,742.846827,NaN,NaN,NaN,NaN
NaN,NaN,NaN,NaN,NaN,NaN
347.353271,742.846827,NaN,NaN,NaN,NaN
NaN,NaN,NaN,NaN,NaN,NaN
347.353271,742.846827,NaN,NaN,NaN,NaN
NaN,NaN,NaN,NaN,NaN,NaN
347.353271,742.846827,NaN,NaN,NaN,NaN
NaN,NaN,NaN,NaN,NaN,NaN
347.353271,742.846827,NaN,NaN,NaN,NaN
NaN,NaN,1506.374642,722.469365,1377.378329,730.346827
349.217716,742.846827,1505.950000,721.870000,1377.000000,730.070000
NaN,NaN,NaN,NaN,NaN,NaN
349.217716,742.846827,NaN,NaN,NaN,NaN
NaN,NaN,NaN,NaN,NaN,NaN
349.217716,742.846827,NaN,NaN,NaN,NaN
NaN,NaN,NaN,NaN,NaN,NaN
349.217716,742.846827,NaN,NaN,NaN,NaN
NaN,NaN,NaN,NaN,NaN,NaN
349.217716,742.846827,NaN,NaN,NaN,NaN
NaN,NaN,NaN,NaN,NaN,NaN
349.217716,742.846827,NaN,NaN,NaN,NaN
NaN,NaN,NaN,NaN,NaN,NaN
349.217716,742.846827,NaN,NaN,NaN,NaN
NaN,NaN,NaN,NaN,NaN,NaN
349.217716,742.846827,NaN,NaN,NaN,NaN
NaN,NaN,NaN,NaN,NaN,NaN
349.217716,742.846827,NaN,NaN,NaN,NaN
NaN,NaN,NaN,NaN,NaN,NaN
349.217716,742.846827,NaN,NaN,NaN,NaN
NaN,NaN,NaN,NaN,NaN,NaN
349.217716,742.846827,NaN,NaN,NaN,NaN
NaN,NaN,NaN,NaN,NaN,NaN
348.840000,743.000000,NaN,NaN,NaN,NaN
NaN,NaN,NaN,NaN,NaN,NaN
NaN,NaN,NaN,NaN,NaN,NaN
NaN,NaN,NaN,NaN,NaN,NaN
NaN,NaN,NaN,NaN,NaN,NaN
NaN,NaN,NaN,NaN,NaN,NaN
NaN,NaN,NaN,NaN,NaN,NaN
NaN,NaN,NaN,NaN,NaN,NaN
NaN,NaN,NaN,NaN,NaN,NaN
NaN,NaN,NaN,NaN,NaN,NaN
NaN,NaN,NaN,NaN,NaN,NaN
NaN,NaN,NaN,NaN,NaN,NaN
NaN,NaN,NaN,NaN,NaN,NaN
NaN,NaN,NaN,NaN,NaN,NaN
NaN,NaN,NaN,NaN,NaN,NaN
NaN,NaN,NaN,NaN,NaN,NaN
NaN,NaN,NaN,NaN,NaN,NaN
NaN,NaN,NaN,NaN,NaN,NaN
NaN,NaN,NaN,NaN,NaN,NaN
NaN,NaN,NaN,NaN,NaN,NaN
349.217716,742.846827,NaN,NaN,NaN,NaN
NaN,NaN,NaN,NaN,NaN,NaN
348.960000,742.930000,NaN,NaN,NaN,NaN
NaN,NaN,NaN,NaN,NaN,NaN
NaN,NaN,NaN,NaN,NaN,NaN
NaN,NaN,NaN,NaN,NaN,NaN
NaN,NaN,NaN,NaN,NaN,NaN
NaN,NaN,NaN,NaN,NaN,NaN
NaN,NaN,1506.374642,722.469365,1377.378329,730.346827
NaN,NaN,1506.000000,722.010000,1377.030000,730.020000
NaN,NaN,NaN,NaN,NaN,NaN
NaN,NaN,NaN,NaN,NaN,NaN
NaN,NaN,NaN,NaN,NaN,NaN
NaN,NaN,NaN,NaN,NaN,NaN
NaN,NaN,NaN,NaN,NaN,NaN
NaN,NaN,NaN,NaN,NaN,NaN
NaN,NaN,NaN,NaN,NaN,NaN
NaN,NaN,NaN,NaN,NaN,NaN
NaN,NaN,NaN,NaN,NaN,NaN
NaN,NaN,NaN,NaN,NaN,NaN
NaN,NaN,NaN,NaN,NaN,NaN
NaN,NaN,NaN,NaN,NaN,NaN
350.149939,742.846827,NaN,NaN,NaN,NaN
NaN,NaN,NaN,NaN,NaN,NaN
350.020000,742.940000,NaN,NaN,NaN,NaN
NaN,NaN,NaN,NaN,NaN,NaN
NaN,NaN,NaN,NaN,NaN,NaN
NaN,NaN,NaN,NaN,NaN,NaN
NaN,NaN,NaN,NaN,NaN,NaN
NaN,NaN,NaN,NaN,NaN,NaN
NaN,NaN,NaN,NaN,NaN,NaN
NaN,NaN,NaN,NaN,NaN,NaN
NaN,NaN,NaN,NaN,NaN,NaN
NaN,NaN,NaN,NaN,NaN,NaN
NaN,NaN,NaN,NaN,NaN,NaN
NaN,NaN,NaN,NaN,NaN,NaN
NaN,NaN,NaN,NaN,NaN,NaN
NaN,NaN,NaN,NaN,NaN,NaN
NaN,NaN,NaN,NaN,NaN,NaN
NaN,NaN,NaN,NaN,NaN,NaN
NaN,NaN,NaN,NaN,NaN,NaN
NaN,NaN,NaN,NaN,NaN,NaN
NaN,NaN,NaN,NaN,NaN,NaN
NaN,NaN,NaN,NaN,NaN,NaN
350.149939,742.846827,NaN,NaN,NaN,NaN
NaN,NaN,NaN,NaN,NaN,NaN
349.850000,742.960000,NaN,NaN,NaN,NaN
NaN,NaN,NaN,NaN,NaN,NaN
NaN,NaN,NaN,NaN,NaN,NaN
NaN,NaN,NaN,NaN,NaN,NaN
NaN,NaN,NaN,NaN,NaN,NaN
NaN,NaN,NaN,NaN,NaN,NaN
NaN,NaN,NaN,NaN,NaN,NaN
NaN,NaN,NaN,NaN,NaN,NaN
NaN,NaN,NaN,NaN,NaN,NaN
NaN,NaN,NaN,NaN,NaN,NaN
NaN,NaN,NaN,NaN,NaN,NaN
NaN,NaN,NaN,NaN,NaN,NaN
NaN,NaN,NaN,NaN,NaN,NaN
NaN,NaN,1506.374642,722.469365,1377.378329,730.346827
NaN,NaN,1505.870000,722.050000,1376.960000,730.030000
NaN,NaN,NaN,NaN,NaN,NaN
NaN,NaN,NaN,NaN,NaN,NaN
NaN,NaN,NaN,NaN,NaN,NaN
NaN,NaN,NaN,NaN,NaN,NaN
NaN,NaN,NaN,NaN,NaN,NaN
350.149939,742.846827,NaN,NaN,NaN,NaN
NaN,NaN,NaN,NaN,NaN,NaN
349.860000,742.950000,NaN,NaN,NaN,NaN
NaN,NaN,NaN,NaN,NaN,NaN
NaN,NaN,NaN,NaN,NaN,NaN
NaN,NaN,NaN,NaN,NaN,NaN
NaN,NaN,NaN,NaN,NaN,NaN
NaN,NaN,NaN,NaN,NaN,NaN
NaN,NaN,NaN,NaN,NaN,NaN
NaN,NaN,NaN,NaN,NaN,NaN
NaN,NaN,NaN,NaN,NaN,NaN
NaN,NaN,NaN,NaN,NaN,NaN
NaN,NaN,NaN,NaN,NaN,NaN
NaN,NaN,NaN,NaN,NaN,NaN
NaN,NaN,NaN,NaN,NaN,NaN
NaN,NaN,NaN,NaN,NaN,NaN
NaN,NaN,NaN,NaN,NaN,NaN
NaN,NaN,NaN,NaN,NaN,NaN
NaN,NaN,NaN,NaN,NaN,NaN
NaN,NaN,NaN,NaN,NaN,NaN
NaN,NaN,NaN,NaN,NaN,NaN
NaN,NaN,NaN,NaN,NaN,NaN
350.149939,743.780452,NaN,NaN,NaN,NaN
NaN,NaN,NaN,NaN,NaN,NaN
350.010000,743.970000,NaN,NaN,NaN,NaN
NaN,NaN,NaN,NaN,NaN,NaN
NaN,NaN,NaN,NaN,NaN,NaN
NaN,NaN,NaN,NaN,NaN,NaN
NaN,NaN,NaN,NaN,NaN,NaN
NaN,NaN,NaN,NaN,NaN,NaN
NaN,NaN,NaN,NaN,NaN,NaN
NaN,NaN,NaN,NaN,NaN,NaN
NaN,NaN,NaN,NaN,NaN,NaN
NaN,NaN,NaN,NaN,NaN,NaN
NaN,NaN,NaN,NaN,NaN,NaN
NaN,NaN,NaN,NaN,NaN,NaN
NaN,NaN,NaN,NaN,NaN,NaN
NaN,NaN,NaN,NaN,NaN,NaN
NaN,NaN,NaN,NaN,NaN,NaN
NaN,NaN,NaN,NaN,NaN,NaN
NaN,NaN,NaN,NaN,NaN,NaN
NaN,NaN,NaN,NaN,NaN,NaN
NaN,NaN,NaN,NaN,NaN,NaN
NaN,NaN,NaN,NaN,NaN,NaN
350.149939,743.780452,1506.374642,722.469365,1377.378329,730.346827
NaN,NaN,1506.070000,721.960000,1377.010000,729.910000
349.900000,743.960000,NaN,NaN,NaN,NaN
NaN,NaN,NaN,NaN,NaN,NaN
NaN,NaN,NaN,NaN,NaN,NaN
NaN,NaN,NaN,NaN,NaN,NaN
NaN,NaN,NaN,NaN,NaN,NaN
NaN,NaN,NaN,NaN,NaN,NaN
NaN,NaN,NaN,NaN,NaN,NaN
NaN,NaN,NaN,NaN,NaN,NaN
NaN,NaN,NaN,NaN,NaN,NaN
NaN,NaN,NaN,NaN,NaN,NaN
NaN,NaN,NaN,NaN,NaN,NaN
NaN,NaN,NaN,NaN,NaN,NaN
NaN,NaN,NaN,NaN,NaN,NaN
NaN,NaN,NaN,NaN,NaN,NaN
NaN,NaN,NaN,NaN,NaN,NaN
NaN,NaN,NaN,NaN,NaN,NaN
NaN,NaN,NaN,NaN,NaN,NaN
NaN,NaN,NaN,NaN,NaN,NaN
NaN,NaN,NaN,NaN,NaN,NaN
NaN,NaN,NaN,NaN,NaN,NaN
350.149939,743.780452,NaN,NaN,NaN,NaN
NaN,NaN,NaN,NaN,NaN,NaN
349.970000,743.980000,NaN,NaN,NaN,NaN
NaN,NaN,NaN,NaN,NaN,NaN
NaN,NaN,NaN,NaN,NaN,NaN
NaN,NaN,NaN,NaN,NaN,NaN
NaN,NaN,NaN,NaN,NaN,NaN
NaN,NaN,NaN,NaN,NaN,NaN
NaN,NaN,NaN,NaN,NaN,NaN
NaN,NaN,NaN,NaN,NaN,NaN
NaN,NaN,NaN,NaN,NaN,NaN
NaN,NaN,NaN,NaN,NaN,NaN
NaN,NaN,NaN,NaN,NaN,NaN
NaN,NaN,NaN,NaN,NaN,NaN
NaN,NaN,NaN,NaN,NaN,NaN
NaN,NaN,NaN,NaN,NaN,NaN
NaN,NaN,NaN,NaN,NaN,NaN
NaN,NaN,NaN,NaN,NaN,NaN
NaN,NaN,NaN,NaN,NaN,NaN
NaN,NaN,NaN,NaN,NaN,NaN
NaN,NaN,NaN,NaN,NaN,NaN
NaN,NaN,NaN,NaN,NaN,NaN
NaN,NaN,NaN,NaN,NaN,NaN
NaN,NaN,NaN,NaN,NaN,NaN
NaN,NaN,NaN,NaN,NaN,NaN
NaN,NaN,NaN,NaN,NaN,NaN
NaN,NaN,NaN,NaN,NaN,NaN
NaN,NaN,NaN,NaN,NaN,NaN
NaN,NaN,NaN,NaN,NaN,NaN
NaN,NaN,1506.374642,722.469365,1377.378329,730.346827
NaN,NaN,1505.950000,721.820000,1377.010000,729.920000
NaN,NaN,NaN,NaN,NaN,NaN
NaN,NaN,NaN,NaN,NaN,NaN
NaN,NaN,NaN,NaN,NaN,NaN
NaN,NaN,NaN,NaN,NaN,NaN
NaN,NaN,NaN,NaN,NaN,NaN
NaN,NaN,NaN,NaN,NaN,NaN
NaN,NaN,NaN,NaN,NaN,NaN
NaN,NaN,NaN,NaN,NaN,NaN
NaN,NaN,NaN,NaN,NaN,NaN
NaN,NaN,NaN,NaN,NaN,NaN
NaN,NaN,NaN,NaN,NaN,NaN
350.149939,743.780452,NaN,NaN,NaN,NaN
NaN,NaN,NaN,NaN,NaN,NaN
349.860000,744.180000,NaN,NaN,NaN,NaN
NaN,NaN,NaN,NaN,NaN,NaN
NaN,NaN,NaN,NaN,NaN,NaN
NaN,NaN,NaN,NaN,NaN,NaN
NaN,NaN,NaN,NaN,NaN,NaN
NaN,NaN,NaN,NaN,NaN,NaN
NaN,NaN,NaN,NaN,NaN,NaN
NaN,NaN,NaN,NaN,NaN,NaN
NaN,NaN,NaN,NaN,NaN,NaN
NaN,NaN,NaN,NaN,NaN,NaN
NaN,NaN,NaN,NaN,NaN,NaN
NaN,NaN,NaN,NaN,NaN,NaN
NaN,NaN,NaN,NaN,NaN,NaN
NaN,NaN,NaN,NaN,NaN,NaN
NaN,NaN,NaN,NaN,NaN,NaN
NaN,NaN,NaN,NaN,NaN,NaN
NaN,NaN,NaN,NaN,NaN,NaN
NaN,NaN,NaN,NaN,NaN,NaN
NaN,NaN,NaN,NaN,NaN,NaN
NaN,NaN,NaN,NaN,NaN,NaN
350.149939,743.780452,NaN,NaN,NaN,NaN
NaN,NaN,NaN,NaN,NaN,NaN
349.970000,743.970000,NaN,NaN,NaN,NaN
NaN,NaN,NaN,NaN,NaN,NaN
NaN,NaN,NaN,NaN,NaN,NaN
NaN,NaN,NaN,NaN,NaN,NaN
NaN,NaN,NaN,NaN,NaN,NaN
NaN,NaN,NaN,NaN,NaN,NaN
NaN,NaN,NaN,NaN,NaN,NaN
NaN,NaN,NaN,NaN,NaN,NaN
NaN,NaN,NaN,NaN,NaN,NaN
NaN,NaN,NaN,NaN,NaN,NaN
NaN,NaN,NaN,NaN,NaN,NaN
NaN,NaN,NaN,NaN,NaN,NaN
NaN,NaN,NaN,NaN,NaN,NaN
NaN,NaN,NaN,NaN,NaN,NaN
NaN,NaN,1506.374642,722.469365,1377.378329,730.346827
NaN,NaN,1506.020000,722.050000,1376.990000,730.030000
NaN,NaN,NaN,NaN,NaN,NaN
NaN,NaN,NaN,NaN,NaN,NaN
NaN,NaN,NaN,NaN,NaN,NaN
NaN,NaN,NaN,NaN,NaN,NaN
350.149939,743.780452,NaN,NaN,NaN,NaN
NaN,NaN,NaN,NaN,NaN,NaN
350.200000,743.880000,NaN,NaN,NaN,NaN
NaN,NaN,NaN,NaN,NaN,NaN
NaN,NaN,NaN,NaN,NaN,NaN
NaN,NaN,NaN,NaN,NaN,NaN
NaN,NaN,NaN,NaN,NaN,NaN
NaN,NaN,NaN,NaN,NaN,NaN
NaN,NaN,NaN,NaN,NaN,NaN
NaN,NaN,NaN,NaN,NaN,NaN
NaN,NaN,NaN,NaN,NaN,NaN
NaN,NaN,NaN,NaN,NaN,NaN
NaN,NaN,NaN,NaN,NaN,NaN
NaN,NaN,NaN,NaN,NaN,NaN
NaN,NaN,NaN,NaN,NaN,NaN
NaN,NaN,NaN,NaN,NaN,NaN
NaN,NaN,NaN,NaN,NaN,NaN
NaN,NaN,NaN,NaN,NaN,NaN
NaN,NaN,NaN,NaN,NaN,NaN
NaN,NaN,NaN,NaN,NaN,NaN
NaN,NaN,NaN,NaN,NaN,NaN
NaN,NaN,NaN,NaN,NaN,NaN
350.149939,743.780452,NaN,NaN,NaN,NaN
NaN,NaN,NaN,NaN,NaN,NaN
350.050000,743.970000,NaN,NaN,NaN,NaN
NaN,NaN,NaN,NaN,NaN,NaN
NaN,NaN,NaN,NaN,NaN,NaN
NaN,NaN,NaN,NaN,NaN,NaN
NaN,NaN,NaN,NaN,NaN,NaN
NaN,NaN,NaN,NaN,NaN,NaN
NaN,NaN,NaN,NaN,NaN,NaN
NaN,NaN,NaN,NaN,NaN,NaN
NaN,NaN,NaN,NaN,NaN,NaN
NaN,NaN,NaN,NaN,NaN,NaN
NaN,NaN,NaN,NaN,NaN,NaN
NaN,NaN,NaN,NaN,NaN,NaN
NaN,NaN,NaN,NaN,NaN,NaN
NaN,NaN,NaN,NaN,NaN,NaN
NaN,NaN,NaN,NaN,NaN,NaN
NaN,NaN,NaN,NaN,NaN,NaN
NaN,NaN,NaN,NaN,NaN,NaN
NaN,NaN,NaN,NaN,NaN,NaN
NaN,NaN,NaN,NaN,NaN,NaN
NaN,NaN,NaN,NaN,NaN,NaN
350.149939,743.780452,NaN,NaN,NaN,NaN
NaN,NaN,1506.374642,722.469365,1377.378329,730.346827
348.699454,743.780452,1506.000000,721.920000,1376.950000,730.040000
NaN,NaN,NaN,NaN,NaN,NaN
350.149939,746.581327,NaN,NaN,NaN,NaN
NaN,NaN,NaN,NaN,NaN,NaN
349.930000,747.690000,NaN,NaN,NaN,NaN
NaN,NaN,NaN,NaN,NaN,NaN
NaN,NaN,NaN,NaN,NaN,NaN
NaN,NaN,NaN,NaN,NaN,NaN
NaN,NaN,NaN,NaN,NaN,NaN
NaN,NaN,NaN,NaN,NaN,NaN
NaN,NaN,NaN,NaN,NaN,NaN
NaN,NaN,NaN,NaN,NaN,NaN
NaN,NaN,NaN,NaN,NaN,NaN
NaN,NaN,NaN,NaN,NaN,NaN
NaN,NaN,NaN,NaN,NaN,NaN
NaN,NaN,NaN,NaN,NaN,NaN
NaN,NaN,NaN,NaN,NaN,NaN
NaN,NaN,NaN,NaN,NaN,NaN
NaN,NaN,NaN,NaN,NaN,NaN
NaN,NaN,NaN,NaN,NaN,NaN
NaN,NaN,NaN,NaN,NaN,NaN
NaN,NaN,NaN,NaN,NaN,NaN
NaN,NaN,NaN,NaN,NaN,NaN
NaN,NaN,NaN,NaN,NaN,NaN
349.217716,744.714077,NaN,NaN,NaN,NaN
NaN,NaN,NaN,NaN,NaN,NaN
349.060000,744.970000,NaN,NaN,NaN,NaN
NaN,NaN,NaN,NaN,NaN,NaN
NaN,NaN,NaN,NaN,NaN,NaN
NaN,NaN,NaN,NaN,NaN,NaN
NaN,NaN,NaN,NaN,NaN,NaN
NaN,NaN,NaN,NaN,NaN,NaN
NaN,NaN,NaN,NaN,NaN,NaN
NaN,NaN,NaN,NaN,NaN,NaN
NaN,NaN,NaN,NaN,NaN,NaN
NaN,NaN,NaN,NaN,NaN,NaN
NaN,NaN,NaN,NaN,NaN,NaN
NaN,NaN,NaN,NaN,NaN,NaN
NaN,NaN,NaN,NaN,NaN,NaN
NaN,NaN,NaN,NaN,NaN,NaN
NaN,NaN,NaN,NaN,NaN,NaN
NaN,NaN,NaN,NaN,NaN,NaN
NaN,NaN,NaN,NaN,NaN,NaN
NaN,NaN,NaN,NaN,NaN,NaN
NaN,NaN,NaN,NaN,NaN,NaN
NaN,NaN,NaN,NaN,NaN,NaN
349.217716,743.780452,NaN,NaN,NaN,NaN
NaN,NaN,NaN,NaN,NaN,NaN
349.060000,743.950000,NaN,NaN,NaN,NaN
NaN,NaN,NaN,NaN,NaN,NaN
NaN,NaN,1506.374642,722.469365,1377.378329,731.922319
NaN,NaN,1506.080000,721.960000,1376.970000,731.980000
NaN,NaN,NaN,NaN,NaN,NaN
NaN,NaN,NaN,NaN,NaN,NaN
NaN,NaN,NaN,NaN,NaN,NaN
NaN,NaN,NaN,NaN,NaN,NaN
NaN,NaN,NaN,NaN,NaN,NaN
NaN,NaN,NaN,NaN,NaN,NaN
NaN,NaN,NaN,NaN,NaN,NaN
NaN,NaN,NaN,NaN,NaN,NaN
NaN,NaN,NaN,NaN,NaN,NaN
NaN,NaN,NaN,NaN,NaN,NaN
NaN,NaN,NaN,NaN,NaN,NaN
NaN,NaN,NaN,NaN,NaN,NaN
NaN,NaN,NaN,NaN,NaN,NaN
NaN,NaN,NaN,NaN,NaN,NaN
NaN,NaN,NaN,NaN,NaN,NaN
NaN,NaN,NaN,NaN,NaN,NaN
350.149939,743.780452,NaN,NaN,NaN,NaN
NaN,NaN,NaN,NaN,NaN,NaN
350.130000,743.790000,NaN,NaN,NaN,NaN
NaN,NaN,NaN,NaN,NaN,NaN
NaN,NaN,NaN,NaN,NaN,NaN
NaN,NaN,NaN,NaN,NaN,NaN
NaN,NaN,NaN,NaN,NaN,NaN
NaN,NaN,NaN,NaN,NaN,NaN
NaN,NaN,NaN,NaN,NaN,NaN
NaN,NaN,NaN,NaN,NaN,NaN
NaN,NaN,NaN,NaN,NaN,NaN
NaN,NaN,NaN,NaN,NaN,NaN
NaN,NaN,NaN,NaN,NaN,NaN
NaN,NaN,NaN,NaN,NaN,NaN
NaN,NaN,NaN,NaN,NaN,NaN
NaN,NaN,NaN,NaN,NaN,NaN
NaN,NaN,NaN,NaN,NaN,NaN
NaN,NaN,NaN,NaN,NaN,NaN
NaN,NaN,NaN,NaN,NaN,NaN
NaN,NaN,NaN,NaN,NaN,NaN
NaN,NaN,NaN,NaN,NaN,NaN
NaN,NaN,NaN,NaN,NaN,NaN
350.149939,743.780452,NaN,NaN,NaN,NaN
NaN,NaN,NaN,NaN,NaN,NaN
349.880000,743.970000,NaN,NaN,NaN,NaN
NaN,NaN,NaN,NaN,NaN,NaN
NaN,NaN,NaN,NaN,NaN,NaN
NaN,NaN,NaN,NaN,NaN,NaN
NaN,NaN,NaN,NaN,NaN,NaN
NaN,NaN,NaN,NaN,NaN,NaN
NaN,NaN,NaN,NaN,NaN,NaN
NaN,NaN,NaN,NaN,NaN,NaN
NaN,NaN,NaN,NaN,NaN,NaN
NaN,NaN,1506.374642,722.469365,1377.378329,730.346827
NaN,NaN,1505.980000,721.880000,1377.030000,729.880000
NaN,NaN,NaN,NaN,NaN,NaN
NaN,NaN,NaN,NaN,NaN,NaN
NaN,NaN,NaN,NaN,NaN,NaN
NaN,NaN,NaN,NaN,NaN,NaN
NaN,NaN,NaN,NaN,NaN,NaN
NaN,NaN,NaN,NaN,NaN,NaN
NaN,NaN,NaN,NaN,NaN,NaN
NaN,NaN,NaN,NaN,NaN,NaN
NaN,NaN,NaN,NaN,NaN,NaN
350.149939,743.780452,NaN,NaN,NaN,NaN
NaN,NaN,NaN,NaN,NaN,NaN
350.030000,744.000000,NaN,NaN,NaN,NaN
NaN,NaN,NaN,NaN,NaN,NaN
NaN,NaN,NaN,NaN,NaN,NaN
NaN,NaN,NaN,NaN,NaN,NaN
NaN,NaN,NaN,NaN,NaN,NaN
NaN,NaN,NaN,NaN,NaN,NaN
NaN,NaN,NaN,NaN,NaN,NaN
NaN,NaN,NaN,NaN,NaN,NaN
NaN,NaN,NaN,NaN,NaN,NaN
NaN,NaN,NaN,NaN,NaN,NaN
NaN,NaN,NaN,NaN,NaN,NaN
NaN,NaN,NaN,NaN,NaN,NaN
NaN,NaN,NaN,NaN,NaN,NaN
NaN,NaN,NaN,NaN,NaN,NaN
NaN,NaN,NaN,NaN,NaN,NaN
350.149939,743.780452,1506.374642,722.469365,1377.378329,731.922319
